verified_name,kingdom,phylum,class,order,family,genus,species
Pandalus borealis,Animalia,Arthropoda,Malacostraca,Decapoda,Pandalidae,Pandalus,Pandalus borealis
Ammodytes dubius,Animalia,Chordata,Teleostei,Perciformes,Ammodytidae,Ammodytes,Ammodytes dubius
Decapoda,Animalia,Arthropoda,Malacostraca,Decapoda,NA,NA,NA
Themisto libellula,Animalia,Arthropoda,Malacostraca,Amphipoda,Hyperiidae,Themisto,Themisto libellula
Teleostei,Animalia,Chordata,Teleostei,NA,NA,NA,NA
Amphipoda,Animalia,Arthropoda,Malacostraca,Amphipoda,NA,NA,NA
unidentified material,NA,NA,NA,NA,NA,NA,NA
Osmerus mordax,Animalia,Chordata,Teleostei,Osmeriformes,Osmeridae,Osmerus,Osmerus mordax
Chionoecetes opilio,Animalia,Arthropoda,Malacostraca,Decapoda,Oregoniidae,Chionoecetes,Chionoecetes opilio
Bivalvia,Animalia,Mollusca,Bivalvia,NA,NA,NA,NA
Polychaeta,Animalia,Annelida,Polychaeta,NA,NA,NA,NA
Gammaridae,Animalia,Arthropoda,Malacostraca,Amphipoda,Gammaridae,NA,NA
Mysida,Animalia,Arthropoda,Malacostraca,Mysida,NA,NA,NA
Calanus finmarchicus,Animalia,Arthropoda,Copepoda,Calanoida,Calanidae,Calanus,Calanus finmarchicus
Copepoda,Animalia,Arthropoda,Copepoda,NA,NA,NA,NA
